{
  "accuracy": 0.5071428571428571,
  "report": {
    "0": {
      "precision": 0.5058823529411764,
      "recall": 0.6142857142857143,
      "f1-score": 0.5548387096774193,
      "support": 70.0
    },
    "1": {
      "precision": 0.509090909090909,
      "recall": 0.4,
      "f1-score": 0.448,
      "support": 70.0
    },
    "accuracy": 0.5071428571428571,
    "macro avg": {
      "precision": 0.5074866310160427,
      "recall": 0.5071428571428571,
      "f1-score": 0.5014193548387097,
      "support": 140.0
    },
    "weighted avg": {
      "precision": 0.5074866310160426,
      "recall": 0.5071428571428571,
      "f1-score": 0.5014193548387096,
      "support": 140.0
    }
  },
  "text_col": "post_text"
}